indice	X triangle(en Pixel)	Y triangle(en Pixel)
0.0	2287.516129032258	2020.225806451613
1.0	3307.7872340425533	1698.1914893617022
2.0	618.4814814814815	1060.888888888889
